,Val,Actual,ValUncertainty
0,1803.549995470868,510.9989461,0.04822629934428248
1,4499.647618837016,1274.577,0.06832463535252342
