,Val,Actual,ValUncertainty
0,3063.766205,510.9989461,0.052229314
1,7643.293098,1274.577,0.0702827
