,Val,Actual,ValUncertainty
0,7035.716131,1173.24,0.026799894
1,7990.906554,1332.508,0.028928157
